Datetime,Water Level (m)
2025-05-30 06:00:00,1.0414643
2025-05-30 07:00:00,1.519291
2025-05-30 08:00:00,1.7173339
2025-05-30 09:00:00,1.7113963
2025-05-30 10:00:00,1.3757919
2025-05-30 11:00:00,0.7985121
2025-05-30 12:00:00,0.18868214
2025-05-30 13:00:00,-0.35116136
2025-05-30 14:00:00,-0.755816
2025-05-30 15:00:00,-1.0134264
2025-05-30 16:00:00,-0.9239535
2025-05-30 17:00:00,-0.2532232
2025-05-30 18:00:00,0.54879266
2025-05-30 19:00:00,1.1421691
2025-05-30 20:00:00,1.4187617
2025-05-30 21:00:00,1.3743348
2025-05-30 22:00:00,0.9957885
2025-05-30 23:00:00,0.4414767
2025-05-31 00:00:00,-0.10026525
2025-05-31 01:00:00,-0.5160141
2025-05-31 02:00:00,-0.8217545
2025-05-31 03:00:00,-0.98292106
2025-05-31 04:00:00,-0.8047379
2025-05-31 05:00:00,-0.157967
2025-05-31 06:00:00,0.60741246
2025-05-31 07:00:00,1.2531337
2025-05-31 08:00:00,1.623928
2025-05-31 09:00:00,1.7617698
2025-05-31 10:00:00,1.5944276
2025-05-31 11:00:00,1.0949434
2025-05-31 12:00:00,0.5051863
2025-05-31 13:00:00,-0.03528303
2025-05-31 14:00:00,-0.46129325
2025-05-31 15:00:00,-0.7522245
2025-05-31 16:00:00,-0.855823
2025-05-31 17:00:00,-0.5731175
2025-05-31 18:00:00,0.06045487
2025-05-31 19:00:00,0.7117088
2025-05-31 20:00:00,1.1814919
2025-05-31 21:00:00,1.3814757
2025-05-31 22:00:00,1.240938
2025-05-31 23:00:00,0.84687096
2025-06-01 00:00:00,0.3314941
2025-06-01 01:00:00,-0.15650521
2025-06-01 02:00:00,-0.5227234
2025-06-01 03:00:00,-0.7720412
2025-06-01 04:00:00,-0.8347499
2025-06-01 05:00:00,-0.48828396
2025-06-01 06:00:00,0.1762353
2025-06-01 07:00:00,0.8540307
2025-06-01 08:00:00,1.3781631
2025-06-01 09:00:00,1.6097232
2025-06-01 10:00:00,1.601682
2025-06-01 11:00:00,1.2890067
2025-06-01 12:00:00,0.77517533
2025-06-01 13:00:00,0.24940152
2025-06-01 14:00:00,-0.20271844
2025-06-01 15:00:00,-0.53549033
2025-06-01 16:00:00,-0.74071455
2025-06-01 17:00:00,-0.7585549
2025-06-01 18:00:00,-0.4446971
2025-06-01 19:00:00,0.13022727
2025-06-01 20:00:00,0.7083041
2025-06-01 21:00:00,1.1042447
2025-06-01 22:00:00,1.2840017
2025-06-01 23:00:00,1.1735264
2025-06-02 00:00:00,0.76500905
2025-06-02 01:00:00,0.26547593
2025-06-02 02:00:00,-0.15397942
2025-06-02 03:00:00,-0.45602003
2025-06-02 04:00:00,-0.6270747
2025-06-02 05:00:00,-0.5909202
2025-06-02 06:00:00,-0.19964083
2025-06-02 07:00:00,0.39263108
2025-06-02 08:00:00,0.9387567
2025-06-02 09:00:00,1.3451061
2025-06-02 10:00:00,1.4933242
2025-06-02 11:00:00,1.4291941
2025-06-02 12:00:00,1.1253165
2025-06-02 13:00:00,0.6807904
2025-06-02 14:00:00,0.22404133
2025-06-02 15:00:00,-0.16937907
2025-06-02 16:00:00,-0.46548742
2025-06-02 17:00:00,-0.6403524
2025-06-02 18:00:00,-0.6205072
2025-06-02 19:00:00,-0.2806164
2025-06-02 20:00:00,0.26246294
2025-06-02 21:00:00,0.76957566
2025-06-02 22:00:00,1.0907767
2025-06-02 23:00:00,1.215872
2025-06-03 00:00:00,1.0658923
2025-06-03 01:00:00,0.68134457
2025-06-03 02:00:00,0.25851792
2025-06-03 03:00:00,-0.08946987
2025-06-03 04:00:00,-0.34136376
2025-06-03 05:00:00,-0.47952783
2025-06-03 06:00:00,-0.4447948
2025-06-03 07:00:00,-0.118121125
2025-06-03 08:00:00,0.40202507
2025-06-03 09:00:00,0.9040912
2025-06-03 10:00:00,1.248368
2025-06-03 11:00:00,1.3289509
2025-06-03 12:00:00,1.2123252
2025-06-03 13:00:00,0.88281864
2025-06-03 14:00:00,0.4840487
2025-06-03 15:00:00,0.103544824
2025-06-03 16:00:00,-0.18710029
2025-06-03 17:00:00,-0.40886548
2025-06-03 18:00:00,-0.5429357
2025-06-03 19:00:00,-0.51684856
2025-06-03 20:00:00,-0.24641863
2025-06-03 21:00:00,0.22235215
2025-06-03 22:00:00,0.69670767
2025-06-03 23:00:00,1.0231605
2025-06-04 00:00:00,1.162425
2025-06-04 01:00:00,1.0540451
2025-06-04 02:00:00,0.71965337
2025-06-04 03:00:00,0.30344698
2025-06-04 04:00:00,-0.059137717
2025-06-04 05:00:00,-0.31911483
2025-06-04 06:00:00,-0.45774156
2025-06-04 07:00:00,-0.41869575
2025-06-04 08:00:00,-0.12231644
2025-06-04 09:00:00,0.33978352
2025-06-04 10:00:00,0.78936166
2025-06-04 11:00:00,1.0982513
2025-06-04 12:00:00,1.2441764
2025-06-04 13:00:00,1.1608016
2025-06-04 14:00:00,0.8392319
2025-06-04 15:00:00,0.4167709
2025-06-04 16:00:00,0.031008627
2025-06-04 17:00:00,-0.29510927
2025-06-04 18:00:00,-0.54908895
2025-06-04 19:00:00,-0.6989051
2025-06-04 20:00:00,-0.67164767
2025-06-04 21:00:00,-0.36446875
2025-06-04 22:00:00,0.13675052
2025-06-04 23:00:00,0.6381737
2025-06-05 00:00:00,0.9911074
2025-06-05 01:00:00,1.1418225
2025-06-05 02:00:00,1.0831909
2025-06-05 03:00:00,0.7889421
2025-06-05 04:00:00,0.37668648
2025-06-05 05:00:00,-0.0019082987
2025-06-05 06:00:00,-0.27402216
